Timestamp,Username,Property,Previous Value,New Value,Source
8 Sep 2022 14:54:11 GMT,Administrator,conf.ce_private.certificates.subject.distinguishedName,<uploaded>,eng-test-alexupgradeto223-0-75.eng-appiancloud.com,System
8 Sep 2022 14:54:11 GMT,Administrator,conf.ce_public.certificates.subject.distinguishedName,<uploaded>,eng-test-alexupgradeto223-0-75.eng-appiancloud.com,System
8 Sep 2022 14:55:02 GMT,Administrator,conf.branding.SITENAME,Appian,Appian for Appian Engineering,System
8 Sep 2022 14:55:02 GMT,Administrator,conf.plugins.ENCRYPTION_API_ACCESS_LIST,[],[],System
8 Sep 2022 14:55:03 GMT,Administrator,conf.security.pw.MIN_PASSWORD_LENGTH,1,7,System
8 Sep 2022 14:55:03 GMT,Administrator,conf.security.pw.MAX_PASSWORD_AGE,0,90,System
8 Sep 2022 14:55:03 GMT,Administrator,conf.security.pw.MIN_NUMERIC_CHARACTERS,0,1,System
8 Sep 2022 14:55:03 GMT,Administrator,conf.security.account.DEACTIVATE_AFTER_INACTIVITY,90,0,System
8 Sep 2022 14:55:03 GMT,Administrator,conf.security.pw.MIN_ALPHABETIC_CHARACTERS,0,1,System
8 Sep 2022 14:55:04 GMT,Administrator,conf.ldap.lowercaseusername,false,true,System
8 Sep 2022 14:55:07 GMT,Administrator,conf.documentExtraction.google.COMPUTEREGION,,us,System
8 Sep 2022 14:55:07 GMT,Administrator,conf.documentExtraction.OCRVENDOR,,google,System
8 Sep 2022 15:12:32 GMT,alex.chamblin@appian.com,conf.security.account.MAX_CONCURRENT_SESSIONS,0,6,
8 Sep 2022 15:12:32 GMT,alex.chamblin@appian.com,conf.security.account.DEACTIVATE_AFTER_INACTIVITY,0,5,
